N,t,abs_max,rel_max,tail_max,bc_max,abs_m,rel_m,tail_m,abs_S,rel_S,tail_S,abs_u,rel_u,tail_u,abs_v,rel_v,tail_v
32,0.0,5.031093735732946e-11,0.9999550675563597,1.6457344622874527e-15,0.0,7.889475668125824e-16,0.03279000056905095,0.0,5.031093735732946e-11,0.9999550675563597,0.0,2.305090540912892e-14,0.4139073815826542,3.793292923366137e-17,5.268391569554933e-14,0.3417828221706702,1.6457344622874527e-15
32,2.0,0.0030116567929770674,0.021340033283473635,0.00042179770105406133,0.0,0.0030116567929770674,0.021340033283473635,0.00042179770105406133,3.6894610168514635e-05,0.004088934388931778,6.25992413240402e-06,0.00029574794292216294,0.006327463219488969,1.9597107536766197e-05,1.206781816763937e-05,0.002688726208667545,6.877808009498425e-05
32,5.0,0.0021496714809927098,0.006749936281271692,0.0009839287862409647,0.0,0.0021496714809927098,0.006146978487355737,0.0009839287862409647,7.601120650247914e-05,0.0006705291534275754,1.5228329546133955e-05,0.0003143126167322388,0.006749936281271692,1.3391536246771595e-05,0.00010409751211751017,0.004897536490967038,6.608090320327345e-05
32,8.0,0.003198177538436431,0.006730394546041945,0.0010887978059804307,0.0,0.003198177538436431,0.006678483872721772,0.0010887978059804307,0.0003458090262992708,0.0003380698262859203,9.804876672613647e-06,0.00033648385552884075,0.006730394546041945,5.427277507161283e-06,0.00010640458871199673,0.0017879961576142084,5.791339825640457e-05
32,10.0,0.005602587536104965,0.019136601839669375,0.0012122086172806855,0.0,0.005602587536104965,0.019136601839669375,0.0012122086172806855,0.0003696368193085147,0.00016013848383835373,4.4772247775214586e-06,0.00024246551287974288,0.0028978359218465224,9.859528857561068e-06,9.858836734016267e-05,0.0017146335949078974,0.00018192787615216915
32,10.5,0.0034309807810185746,0.009411150990217441,0.0018470402171331442,2.7755575615628914e-17,0.0034309807810185746,0.009411150990217441,0.0018470402171331442,0.0005076835047103786,0.00010041348420119765,5.389820446295881e-05,0.00048080716838599935,0.0035619758735218445,2.549262661772498e-05,0.00017496746482091596,0.0024130249748118278,0.000266887504816469
32,10.7,0.009765431163731672,0.013474481712219932,0.001450478937137905,2.7755575615628914e-17,0.009765431163731672,0.013474481712219932,0.001450478937137905,0.0006338341819052129,5.813317998281366e-05,1.847962303626414e-05,0.0002258367716800186,0.0020688983837149804,2.7949263890030185e-05,0.0002014999475763021,0.0017415085035890174,0.00013462820972545697
32,10.733830000000001,0.010102181445737837,0.009597802973027866,0.001065452390260408,0.0,0.010102181445737837,0.009597802973027866,0.001065452390260408,0.0006530234450163874,4.5561904519679215e-05,3.395926931534169e-05,0.00014556639441053003,0.0012734804331469177,3.452002587593531e-05,0.0002110566185973238,0.0013720881682254555,6.683389714770647e-05
48,0.0,5.192723636409215e-12,0.9957001943727447,2.3771720010824118e-15,0.0,3.149044109006116e-16,0.024459839576773057,2.5868761523579553e-17,5.192723636409215e-12,0.9957001943727447,5.568068937913327e-17,1.5428170764373358e-14,0.39417592141664937,2.528861948763559e-17,2.642992220074273e-14,0.3526817002496358,2.3771720010824118e-15
48,2.0,0.0017041109195808507,0.01009423557064142,0.00019915043576469998,5.551115123125783e-17,0.0017041109195808507,0.01009423557064142,0.00019915043576469998,3.003480814999177e-05,0.0028476628243538455,1.7564416944736958e-06,8.670549646978137e-05,0.0018744355839649036,3.1532859466204017e-06,3.482823094325821e-05,0.007116228773658875,8.895184889627573e-06
48,5.0,0.0005609231466619513,0.0019483262341358951,6.432754840482764e-05,0.0,0.0005609231466619513,0.0015631130391739996,6.432754840482764e-05,2.339532529414129e-05,0.00028732956777276984,2.713206258005052e-07,1.1379964207788862e-05,0.0002470423373454705,4.1308062836434386e-07,4.0765885658197395e-05,0.0019483262341358951,1.3597007741040865e-05
48,8.0,0.0006185397255593639,0.0012168209150872505,4.73633446345971e-05,0.0,0.0006185397255593639,0.0012168209150872505,4.73633446345971e-05,4.5013885927702724e-05,4.110769599568456e-05,3.699382516516806e-07,1.4132934727482949e-05,0.00026980827598753693,7.275776353691347e-07,1.6970208435447554e-05,0.0002915519336303958,3.635937598529932e-06
48,10.0,0.0006613290578300207,0.0022272050631086185,2.698922247335234e-05,0.0,0.0006613290578300207,0.0022272050631086185,2.698922247335234e-05,4.8615011102821903e-05,2.0347855260921407e-05,2.519094985838582e-07,1.9532752210393856e-05,0.00022675303568998217,1.366116557978866e-06,2.2271655372427257e-05,0.00039568380165869345,8.984809082498313e-06
48,10.5,0.0008853213871442278,0.002343270188891338,6.692801201380126e-05,2.7755575615628914e-17,0.0008853213871442278,0.002343270188891338,6.692801201380126e-05,5.7886511249702344e-05,1.0778630229868615e-05,1.8031295289598051e-06,2.7910050956286847e-05,0.00020070716384192142,2.967479004928326e-06,2.0795346185655873e-05,0.0003007715647005536,2.001335776011756e-05
48,10.7,0.0013512171197980344,0.001734420171932668,0.00022022202611596882,2.7755575615628914e-17,0.0013512171197980344,0.001734420171932668,0.00022022202611596882,7.89633616111729e-05,6.566889293101563e-06,4.492612783673458e-06,4.411115432950696e-05,0.0003757937088367685,6.3891576036442e-07,2.7772583015422958e-05,0.0002491383856399311,9.619929300249988e-06
48,10.733830000000001,0.001544290971936868,0.0013013839061688356,0.00017538906266096287,2.7755575615628914e-17,0.001544290971936868,0.0013013839061688356,0.00017538906266096287,6.173185493892584e-05,3.834958715010574e-06,3.1515176968185706e-06,3.356449037187487e-05,0.00027515304403435015,9.101132349406577e-07,2.1542300352069e-05,0.00014057809938506076,1.4891329572027247e-05
64,0.0,5.421513772136852e-12,1.0000518083449321,1.3824169483214542e-14,0.0,2.4442897220304784e-15,0.026373395777028675,0.0,5.421513772136852e-12,1.0000518083449321,2.0138546668764305e-17,9.692123392179495e-15,0.07580598811545528,1.8966464616830686e-17,3.4822738033234285e-13,0.9048943130309511,1.3824169483214542e-14
64,2.0,0.0018310164939876958,0.009911623637017496,5.606404055745963e-05,0.0,0.0018310164939876958,0.009911623637017496,5.606404055745963e-05,1.6195160895547282e-05,0.0015474442889278606,3.3512739631452873e-07,5.083596859675743e-05,0.0010988685809482522,2.766337135403867e-06,8.829378915947846e-06,0.0017820917695301926,9.092095831450126e-06
64,5.0,0.00017919144649669594,0.0005145088856535482,6.455581624814676e-06,0.0,0.00017919144649669594,0.0005145088856535482,6.455581624814676e-06,1.2859927504009028e-05,0.00015993680749306166,1.6773766568887574e-07,4.319133819152832e-06,9.365496444670712e-05,1.438374510321706e-07,5.565361392906667e-06,0.0002653512710510722,5.646624832769743e-06
64,8.0,0.00011229896501008252,0.0002281144421008628,3.6204594357105753e-06,0.0,0.00011229896501008252,0.0002281144421008628,3.6204594357105753e-06,1.0486000264025056e-05,9.143981766476316e-06,4.7046373972109773e-07,1.9029183746608475e-06,3.574949199366074e-05,1.3202714337488353e-07,4.053730455027258e-06,7.124876374393423e-05,6.873927921734117e-07
64,10.0,0.00017957072128099716,0.0006068596150206769,1.7760553281914126e-05,2.7755575615628914e-17,0.00017957072128099716,0.0006068596150206769,1.7760553281914126e-05,1.4346561639689333e-05,5.999415703934971e-06,5.06713789612766e-07,2.2969033551048512e-06,2.6519473637536497e-05,1.4565887275871344e-07,6.215616476996249e-06,0.00011064943682872216,1.8396708523128235e-06
64,10.5,0.0002621786972614032,0.0007025282286889066,1.6268247816196137e-05,0.0,0.0002621786972614032,0.0007025282286889066,1.6268247816196137e-05,8.367975948206374e-06,1.5325226098948042e-06,3.135319892626617e-07,4.1761371309956274e-06,2.9850598565708822e-05,2.9316201201872213e-07,1.9584681583252844e-05,0.0002867196388184155,2.881145724494559e-06
64,10.7,0.00023712884878766827,0.0003023557899351763,3.20176393066585e-05,2.7755575615628914e-17,0.00023712884878766827,0.0003023557899351763,3.20176393066585e-05,3.855704709396397e-06,3.13135689978462e-07,1.212648305878643e-07,6.408748427423616e-06,5.417315321394157e-05,8.997423699362959e-08,1.8870046443415507e-05,0.00017127747227316804,4.111270526984282e-06
64,10.733830000000001,0.0002799512237491586,0.00023053834025779885,2.1620552626377124e-05,2.7755575615628914e-17,0.0002799512237491586,0.00023053834025779885,2.1620552626377124e-05,8.359822356140967e-06,5.110823652924398e-07,1.6842764327015698e-07,3.7356730319716702e-06,2.95118720068874e-05,1.4181807166160748e-07,1.5507804809861223e-05,9.979335829483933e-05,1.1923230209691781e-06
96,0.0,5.272450615589196e-12,0.9802189083822459,1.3189224602184775e-14,0.0,3.1213886700149184e-15,0.024652117563339942,5.173752285442181e-17,5.272450615589196e-12,0.9802189083822459,5.3702791116704804e-17,1.1283831171224186e-14,0.06529169483610714,5.057723897821516e-17,3.0165966911456214e-13,0.5343302279474327,1.3189224602184775e-14
96,2.0,0.001438565461769667,0.007058620050661787,1.8475813893090454e-05,0.0,0.001438565461769667,0.007058620050661787,1.8475813893090454e-05,6.3455714197994115e-06,0.0006043579014139664,3.23329653279239e-08,2.1803758832247833e-06,4.711216169534106e-05,7.987561139402475e-07,1.272638268955237e-06,0.0002587689795149997,9.223659898633168e-07
96,5.0,7.809498966826478e-05,0.00022256096766573921,5.281019069001552e-06,0.0,7.809498966826478e-05,0.00022256096766573921,5.281019069001552e-06,3.839135301517225e-06,4.7334812424473064e-05,1.1086558428408465e-07,1.5728354248317755e-06,3.4144291691861356e-05,2.765581295901117e-08,2.184209858063779e-06,0.00010443706368724156,1.2418037175523544e-06
96,8.0,5.1057645195640156e-06,1.0498712441596291e-05,7.539501525464661e-07,0.0,5.1057645195640156e-06,1.0498712441596291e-05,1.4384404415870944e-07,7.123827885959757e-07,6.047809744157113e-07,4.52750441371723e-08,1.736865196319548e-07,3.2588622602150203e-06,8.651655315396756e-09,3.557988883400899e-07,6.23092695693397e-06,7.539501525464661e-07
96,10.0,1.80039569075488e-05,7.114713162225685e-05,5.343655069467197e-07,5.551115123125783e-17,1.80039569075488e-05,6.132671976589234e-05,2.765173314875391e-07,2.3132529173767015e-06,9.673169597810097e-07,6.274010526081264e-08,3.488188802525105e-07,4.023073720015912e-06,9.713441212124146e-09,3.9953868270942465e-06,7.114713162225685e-05,5.343655069467197e-07
96,10.5,9.643012436125198e-06,2.605512582718501e-05,6.35912091247479e-07,5.551115123125783e-17,9.643012436125198e-06,2.605512582718501e-05,6.35912091247479e-07,2.4616571760658333e-06,4.497293688657314e-07,7.070485309507026e-08,1.6962754671723257e-07,1.2113182385096348e-06,5.638026642593839e-10,1.7430655481663008e-06,2.551895850485677e-05,2.8224417268388817e-07
96,10.7,7.212088832864172e-06,1.0036050824138645e-05,2.215817074077894e-07,2.7755575615628914e-17,7.212088832864172e-06,9.25294837928618e-06,5.1255448669946934e-08,1.6671696361043268e-06,1.346820890248122e-07,1.952435198931668e-08,1.7083506061860154e-07,1.441918633705417e-06,2.7437706473334374e-09,1.1072421183516278e-06,1.0036050824138645e-05,2.215817074077894e-07
96,10.733830000000001,5.054101518187082e-06,6.242770360220947e-06,1.207557020457217e-07,2.7755575615628914e-17,5.054101518187082e-06,4.178007244154722e-06,1.207557020457217e-07,5.914538725448892e-07,3.6159746398113154e-08,2.048759799774537e-08,1.5764202042009567e-07,1.235878579116798e-06,1.0344712536978793e-09,9.744498360682915e-07,6.242770360220947e-06,3.6075415950803305e-08
