St,gain_L,gain_L_norm,gain_Cpn,gain_Cpn_norm
0.005,0.562392208410274,1.0036281259371695,0.5831263239423448,1.0017904584996287
0.006,0.5632867362957039,1.0052244733470852,0.5835850396722159,1.0025785159452982
0.007,0.5643438963230302,1.0071110491587243,0.5841272738511192,1.0035100551408282
0.008,0.5655636870911064,1.0092878508716434,0.5847530824601989,1.0045851722598507
0.009000000000000001,0.5669461094197547,1.011754879948872,0.5854625286814624,1.0058039758468256
0.01,0.5684911673352142,1.014512143575515,0.5862556822760938,1.0071665857490069
0.011,0.5701988691483902,1.0175596565829623,0.5871326188685345,1.0086731318865176
0.012,0.5720692286121475,1.0208974435141607,0.5880934191321433,1.0103237528533433
0.013000000000000001,0.5741022661423815,1.0245255408026994,0.5891381678715458,1.0121185943408397
0.014000000000000002,0.5762980100864881,1.0284439990364842,0.5902669529961976,1.014057807374351
0.015,0.5786564980216468,1.0326528852746126,0.5914798643792605,1.0161415463527994
0.016,0.5811777780642781,1.037152285384194,0.5927769925950818,1.018369966879719
0.017,0.5838619101710467,1.0419423063620785,0.5941584275281331,1.0207432233734626
0.018000000000000002,0.5867089674108774,1.0470230786048593,0.5956242568455493,1.0232614664430753
0.019,0.5897190371865408,1.0523947580888775,0.5971745643246992,1.0259248400151224
0.02,0.5928922223836701,1.0580575284207225,0.5988094280267189,1.0287334781958823
0.021,0.5962286424241966,1.0640116027171609,0.6005289183060721,1.0316875018518428
0.022000000000000002,0.5997284342005315,1.0702572252722493,0.6023330956455857,1.0347870148903668
0.023000000000000003,0.6033917528661812,1.0767946729682434,0.6042220083058377,1.038032100221426
0.024,0.6072187724575875,1.083624256385313,0.6061956897765578,1.041422815379194
0.025,0.6112096863216157,1.0907463205644263,0.6082541560178258,1.0449591877825255
0.026000000000000002,0.6153647073220365,1.098161245375831,0.6103974024770771,1.048641209610275
0.027,0.6196840677979374,1.105869445444835,0.6126254008681,1.0524688322677285
0.028,0.624168019246079,1.1138713695849516,0.6149380956969779,1.0564419604182944
0.029,0.6288168316983654,1.1221674996869495,0.6173354005192334,1.0605604455534092
0.030000000000000002,0.6336307927649171,1.1307583490111512,0.619817193912024,1.064824079072912
0.031000000000000003,0.6386102063122556,1.139644459828561,0.6223833151444289,1.0692325848467497
0.032,0.6437553907450633,1.148826400354545,0.6250335595280931,1.0737856112275472
0.033,0.6490666768591721,1.15830476091734,0.6277676734302642,1.0784827224831814
0.034,0.6545444052323706,1.168080149301767,0.6305853489307893,1.0833233896176895
0.034999999999999996,0.6601889231183685,1.178153185206294,0.6334862181038861,1.0883069805475536
0.036,0.6660005808084987,1.1885244937502393,0.6364698469058608,1.093432749601016
0.037,0.6719797274244753,1.199194697965655,0.6395357286496333,1.0986998263075431
0.038,0.6781267061044207,1.210164410206456,0.6426832770467161,1.104107203444191
0.039,0.684441848543775,1.221434222406293,0.6459118187985152,1.1096537243077214
0.04,0.6909254688512937,1.2330046951141511,0.6492205857183964,1.1153380691805896
0.041,0.6975778566801567,1.244876345236335,0.6526087063677263,1.121158740961958
0.041999999999999996,0.7043992695933615,1.2570496324119798,0.6560751971900242,1.1271140499364811
0.043,0.711389924622394,1.2695249439489114,0.6596189531288497,1.1332020976561683
0.044,0.7185499889784521,1.2823025782471764,0.6632387377179771,1.1394207599156523
0.045,0.7258795698757466,1.2953827266380127,0.6669331726342435,1.1457676688043503
0.046,0.7333787034275079,1.3087654535679991,0.6707007267071338,1.1522401938253202
0.047,0.7410473425771739,1.3224506750614182,0.6745397043836034,1.1588354220782306
0.048,0.748885344029425,1.3364381353977763,0.6784482336509488,1.1655501375112802
0.048999999999999995,0.756892454148848,1.3507273819469863,0.6824242534259914,1.1723807992562598
0.049999999999999996,0.7650682937986772,1.3653177381130428,0.6864655004262913,1.17932351907376
0.051,0.7734123420970247,1.380208274345882,0.690569495545839,1.1863740379470917
0.052,0.7819239190750095,1.3953977771936046,0.6947335297672107,1.1935277018798633
0.053,0.7906021672291382,1.4108847163814107,0.6989546496512775,1.2007794369678155
0.054,0.7994460319704387,1.4266672099217161,0.7032296424580576,1.2081237238369678
0.055,0.8084542409841172,1.4427429872800202,0.7075550209635848,1.215554571559536
0.056,0.81762528252774,1.4591093506464972,0.7119270080533432,1.223065491185995
0.057,0.8269573827110616,1.4757631343902655,0.716341521186493,1.2306494690551677
0.057999999999999996,0.8364484818197192,1.4927006628073678,0.72079415684449,1.2382989400775009
0.059,0.8460962097648859,1.5099177063089655,0.7252801750939427,1.2460057612145987
0.06,0.8558978607649347,1.5274094362390018,0.7297944844156868,1.2537611854161073
0.061,0.8658503673907171,1.5451703785561905,0.7343316269716242,1.2615558363086643
0.062,0.8759502741349585,1.5631943666667591,0.7388857645048107,1.2693796839727465
0.063,0.8861937106976201,1.581474493750313,0.7434506650908237,1.2772220221819874
0.064,0.8965763652128076,1.6000030649813868,0.7480196909830379,1.2850714475217881
0.065,0.9070934576792217,1.6187715501142301,0.7525857878187207,1.2929158408457717
0.066,0.917739713894134,1.6377705369661686,0.7571414754770398,1.3007423515701613
0.067,0.9285093402306571,1.6569896864058833,0.7616788409034007,1.3085373853462454
0.068,0.939395999638716,1.6764176895254705,0.7661895332364567,1.316286595688754
0.069,0.9503927892906432,1.6960422277474467,0.7706647615935861,1.3239748801713842
0.07,0.9614922203324475,1.7158499366894744,0.7750952958869862,1.3315863818288236
0.07100000000000001,0.9726862002391753,1.7358263746762748,0.7794714710541288,1.3391044964245213
0.07200000000000001,0.9839660183079719,1.755955996850983,0.7837831950934403,1.3465118862557044
0.07300000000000001,0.995322334851288,1.7762221358896713,0.7880199612951452,1.3537905011655353
0.07400000000000001,1.0067451746764067,1.7966069903651105,0.7921708650498932,1.3609216074197403
0.07500000000000001,1.0182239254514462,1.8170916218307878,0.796224625599677,1.367885825073919
0.07600000000000001,1.0297473415630891,1.8376559617052928,0.8001696130687451,1.3746631744116995
0.07700000000000001,1.0413035540624382,1.8582788290213925,0.8039938810721048,1.3812331319649962
0.078,1.0528800872733817,1.8789379600648166,0.807685205147782,1.387574696539277
0.079,1.0644638825995165,1.8996100508593734,0.8112311271938031,1.3936664655547308
0.08,1.0760413300087766,1.920270813353464,0.8146190060118549,1.3994867218784925
0.081,1.0875983076001499,1.9408950460296506,0.8178360739672785,1.4050135311645142
0.082,1.099120229560111,1.961456719486254,0.8208694996682674,1.4102248495342173
0.083,1.1105921027021128,1.9819290773360216,0.8237064564503044,1.4150986412303397
0.084,1.1219985916457262,2.0022847525228484,0.8263341963222618,1.419613005653727
0.085,1.1333240925375796,2.022495898881936,0.8287401288935696,1.4237463129574253
0.08600000000000001,1.1445528150454318,2.0425343374639353,0.8309119046596926,1.4274773471281923
0.08700000000000001,1.1556688721735418,2.062371716816739,0.8328375018807284,1.4307854552408656
0.08800000000000001,1.1666563772506542,2.0819796860673065,0.8345053161436942,1.4336507013232118
0.08900000000000001,1.1774995472471788,2.101330079298379,0.8359042515690075,1.4360540230454442
0.09000000000000001,1.188182811378024,2.1203951093578106,0.8370238124971751,1.4379773892347196
0.09100000000000001,1.198690923761789,2.1391475689067554,0.8378541943916478,1.4394039560430394
0.09200000000000001,1.2090090787292527,2.1575610361957085,0.8383863726094969,1.4403182194521378
0.093,1.2191230272256912,2.175610082792564,0.8386121876428941,1.4407061617153403
0.094,1.229019192625552,2.193270480261978,0.8385244254104872,1.4405553892953138
0.095,1.2386847841905817,2.210519402639309,0.8381168911925847,1.4398552598821077
0.096,1.2481079063583462,2.2273356214636126,0.8373844758590221,1.4385969961702907
0.097,1.2572776620428963,2.2436996901248785,0.8363232131243693,1.4367737842213795
0.098,1.266184248177321,2.259594114366385,0.8349303266944333,1.4343808544598662
0.099,1.2748190418254048,2.275003505956957,0.8332042663330514,1.431415543634698
0.1,1.283174675329089,2.289914716796853,0.8311447320675683,1.4278773364034325
0.101,1.291245099151478,2.304316951065494,0.8287526859774144,1.4237678855846
0.10200000000000001,1.2990256312988826,2.3182018534185453,0.8260303512437778,1.4190910105250738
0.10300000000000001,1.30651299247132,2.3315635717164382,0.8229811983965563,1.413852673472817
0.10400000000000001,1.3137053263738423,2.3443987932713517,0.8196099189453386,1.4080609342758406
0.10500000000000001,1.320602204924587,2.3567067541413405,0.8159223868349808,1.401725884164241
0.10600000000000001,1.3272046184024728,2.3684892215482125,0.8119256084041503,1.394859559780746
0.10700000000000001,1.3335149508795374,2.3797504500348214,0.8076276617427596,1.3874758389989224
0.10800000000000001,1.3395369415706926,2.3904971124910093,0.8030376265344273,1.3795903203949993
0.10900000000000001,1.3452756329991473,2.400738207651186,0.7981655056307143,1.371220188515172
0.11,1.3507373071058777,2.4104849460772253,0.7930221397200039,1.3623840672797476
0.111,1.3559294106301227,2.4197506169947505,0.7876191165435502,1.3531018640195176
0.112,1.3608604712368273,2.4285504386167087,0.7819686761449153,1.3433946066976323
0.113,1.3655400059788463,2.436901394787787,0.7760836136513531,1.3332842768914488
0.114,1.3699784237416455,2.444822060890179,0.7699771810443937,1.3227936410378565
0.115,1.3741869233378041,2.452332421986111,0.7636629893153175,1.3119460823398355
0.116,1.3781773888953925,2.459453686131111,0.7571549123037704,1.3007654355645868
0.117,1.381962284122214,2.4662080956811665,0.7504669933977588,1.289275826757415
0.11800000000000001,1.3855545469356325,2.4726187392523076,0.743613356137621,1.2775015196625041
0.11900000000000001,1.388967485825572,2.478709366773145,0.7366081196152365,1.2654667703817433
0.12000000000000001,1.3922146791779766,2.4845042098205647,0.7294653194038893,1.253195691535019
0.12100000000000001,1.3953098786290692,2.490027809148662,0.7221988345951565,1.2407121269121664
0.12200000000000001,1.3982669173561948,2.4953048510273494,0.7148223213640901,1.2280395373402895
0.12300000000000001,1.4010996240440492,2.5003600137090967,0.707349153334476,1.2152008982333846
0.12400000000000001,1.4038217430961877,2.5052178250407975,0.699792368878279,1.2022186090546423
0.125,1.4064468615062162,2.5099025319603108,0.6921646253563637,1.189114414703621
0.126,1.4089883426480032,2.514437982340476,0.6844781601965143,1.1759093386496573
0.127,1.411459267110069,2.5188475194039524,0.6767447586082719,1.1626236274670951
0.128,1.4138723805718172,2.5231538887047185,0.6689757276532737,1.1492767062890437
0.129,1.4162400486148372,2.52737915748569,0.6611818763253173,1.135887144585629
0.13,1.4185742182666892,2.53154464605092,0.6533735012441362,1.1224726315864062
0.131,1.4208863859980785,2.535670870654327,0.645560377530936,1.1090499606048523
0.132,1.4231875718363358,2.5397774973033904,0.6377517544113245,1.0956350214843542
0.133,1.4254882992079518,2.543883305786752,0.6299563550793125,1.0822428003645679
0.134,1.4277985800897766,2.5480061631754922,0.6221823803542845,1.068887385963965
0.135,1.4301279050317246,2.552163006017953,0.6144375156710744,1.0555819815885354
0.136,1.4324852375973087,2.556369830418482,0.6067289409555433,1.0423389220976829
0.137,1.4348790127715636,2.560641689196262,0.5990633429589034,1.029169695094158
0.138,1.4373171388920045,2.5649926953312394,0.5914469296474644,1.0160849656451345
0.139,1.439807002669753,2.5694360309246753,0.5838854462712345,1.0030946038875002
0.14,1.4423554768857558,2.5739839609335853,0.576384192763238,0.9902077149192691
0.14100000000000001,1.444968930374761,2.5786478509878386,0.568948042153397,0.9774326704339827
0.14200000000000002,1.447653239924527,2.5834381886251294,0.5615814597079617,0.9647771416015755
0.14300000000000002,1.4504138037554006,2.5883646073462234,0.5542885225388549,0.9522481327565369
0.14400000000000002,1.4532555562657061,2.593435912929132,0.547072939454278,0.9398520155005525
0.14500000000000002,1.456182983757436,2.598660111492705,0.5399380708500533,0.9275945628751286
0.14600000000000002,1.4592001408919404,2.604044438862958,0.5328869484700117,0.9154809833092415
0.14700000000000002,1.462310667640134,2.609595390821897,0.5259222948844583,0.9035159540826541
0.14800000000000002,1.465517806530812,2.6153187538883413,0.5190465425627853,0.8917036540919925
0.14900000000000002,1.4688244200164642,2.6212196363084312,0.5122618524341653,0.8800477957373625
0.15,1.472233007805454,2.62730249898611,0.5055701318514396,0.8685516557836754
0.151,1.4757457240276088,2.6335711861163174,0.49897305188891,0.8572181050776457
0.152,1.479364394122545,2.640028955323383,0.49247206392102977,0.8460496370293962
0.153,1.4830905313588387,2.646678507140641,0.48606841544230767,0.8350483947904954
0.154,1.4869253529074373,2.6535220136945505,0.4797631651001951,0.824216197079928
0.155,1.4908697954095822,2.6605611464867436,0.47355719692369563,0.8135545626283435
0.156,1.4949245299934375,2.667797103192244,0.46745123373931663,0.8030647332261887
0.157,1.4990899767030572,2.6752306334089657,0.46144584977274095,0.7927476953729343
0.158,1.5033663183185593,2.68286206332078,0.45554148244279796,0.7826042005387025
0.159,1.5077535135512978,2.690691319245218,0.4497384433578152,0.7726347840556096
0.16,1.5122513096096808,2.69871795005805,0.4440369285307029,0.7628397826669225
0.161,1.5168592541358275,2.706941148495083,0.4384370278315791,0.7532193507663344
0.162,1.521576706521456,2.7153597713461526,0.4329387337006971,0.743773475366467
0.163,1.526402848614578,2.7239723585619644,0.4275419491460404,0.7345019898384567
0.164,1.5313366948347793,2.7327771513055197,0.4222464950526008,0.7254045864690368
0.165,1.5363771017171062,2.7417721089838456,0.41705211683113697,0.7164808278828694
0.166,1.5415227769084408,2.7509549253026537,0.4119584904360201,0.707730157380993
0.167,1.546772287642102,2.760323043389859,0.4069652277816546,0.6991519082460413
0.168,1.5521240687181779,2.769873670037036,0.4020718815883501,0.6907453120672816
0.169,1.557576430019356,2.7796037891119463,0.39727794968832875,0.6825095061381821
0.17,1.5631275635915296,2.7895101741943713,0.3925828788228887,0.6744435399798057
0.171,1.568775550320722,2.79958940049155,0.3879860679617249,0.6665463810432856
0.17200000000000001,1.5745183662365545,2.809837856087159,0.383486871175485,0.6588169196447757
0.17300000000000001,1.5803538884744202,2.820251752581225,0.37908460009230954,0.6512539731856993
0.17400000000000002,1.5862799009260593,2.8308271351739727,0.37477852596916755,0.6438562897112309
0.17500000000000002,1.5922940996105204,2.8415598922506784,0.3705678814083866,0.6366225508592342
0.17600000000000002,1.598394097793496,2.852445764517482,0.36645186174958777,0.6295513742515576
0.17700000000000002,1.6045774308870988,2.86348035374538,0.36242962616713875,0.6226413153794195
0.17800000000000002,1.6108415611559148,2.8746591311685052,0.35850029850263676,0.6158908690335846
0.17900000000000002,1.6171838822571818,2.8859774455863905,0.35466296786173385,0.6092984703296892
0.18000000000000002,1.6236017236437157,2.8974305312213007,0.35091668900464557,0.6028624953791208
0.181,1.6300923548513744,2.9090135153695083,0.3472604825585255,0.5965812616538704
0.182,1.63665298969775,2.920721425894155,0.34369333508030747,0.5904530280944931
0.183,1.6432807904126248,2.932549198596337,0.3402141989974449,0.5844759950083002
0.184,1.649972871723264,2.9444916845055946,0.33682199245405636,0.5786483038050426
0.185,1.656726304911032,2.956543657119228,0.33351559908855816,0.5729680366148925
0.186,1.6635381218622498,2.968699819631335,0.3302938677694309,0.5674332158344981
0.187,1.67040531912524,2.980954812172888,0.3271556123135016,0.5620418036430032
0.188,1.6773248619905878,2.99330321909325,0.3240996112112798,0.556791701530184
0.189,1.6842936886071693,3.005739576305508,0.3211246073824364,0.5516807498763707
0.19,1.6913087141469414,3.018258378718835,0.31822930798373883,0.5467067276224865
0.191,1.6983668350247603,3.030854087769049,0.3154123842897173,0.5418673520650364
0.192,1.7054649331849294,3.043521139068259,0.312672471666051,0.5371602788103861
0.193,1.7125998804585578,3.05625395018087,0.31000816965335765,0.532583101918709
0.194,1.719768542994835,3.0690469285315074,0.30741804217743945,0.5281333542651814
0.195,1.726967785772134,3.0818944794553924,0.3049006179011432,0.5238085081444662
0.196,1.7341944771848548,3.094791014383885,0.30245439072977387,0.5196059761389953
0.197,1.7414454937098771,3.107730959172094,0.30007782048168247,0.5155231122710155
0.198,1.748717724643872,3.1207087625529386,0.29776933373183867,0.5115572134518174
0.199,1.7560080769112516,3.1337189047172735,0.2955273248357703,0.5077055212408264
0.2,1.763313479933854,3.1467559060041785,0.29335015713811136,0.5039652239218461
0.201,1.770630890553974,3.1598143356864514,0.2912361643680395,0.500333458900371
0.202,1.7779572980005325,3.172888820833083,0.2891836522218022,0.4968073154223097
0.203,1.7852897288888336,3.185974055231674,0.28719090013079046,0.4933838376114741
0.20400000000000001,1.7926252522366353,3.1990648083399598,0.28525616321042274,0.49006002781769264
0.20500000000000002,1.7999609844869275,3.2121559342493122,0.28337767438465494,0.48683285026664386
0.20600000000000002,1.8072940945174467,3.225242380624565,0.2815536466774775,0.48369923499656736
0.20700000000000002,1.8146218086219543,3.2383191975934538,0.2797822756619791,0.48065608206566907
0.20800000000000002,1.821941415445571,3.2513815465540645,0.2780617420556419,0.4777002660107468
0.20900000000000002,1.8292502708528553,3.2644247088622578,0.2763902144484701,0.47482864053401913
0.21000000000000002,1.8365458027135435,3.2774440943721577,0.274765852150572,0.47203804339517036
0.21100000000000002,1.843825515579256,3.2904352497820595,0.27318680814249696,0.46932530147992635
0.21200000000000002,1.851086995236875,3.303393866760249,0.27165123211312975,0.46668723601904877
0.21300000000000002,1.8583279131135406,3.3163157898060276,0.2701572735671937,0.46412066792691664
0.214,1.865546030514062,3.329197023811665,0.26870308498491335,0.4616224232297152
0.215,1.8727392026701333,3.342033741288509,0.2672868250158018,0.45918933855224964
0.216,1.879905382579576,3.354822289218383,0.2659066616879681,0.4568182666314224
0.217,1.8870426246173686,3.367559195497718,0.2645607756151566,0.4545060818258135
0.218,1.8941490878980998,3.3802411749380847,0.26324736318322595,0.4522496855899388
0.219,1.901223039371935,3.3928651347911636,0.2619646396985382,0.45004601188307214
0.22,1.908262856636993,3.4054281797676262,0.2607108424813859,0.44789203248364307
0.221,1.9152670304517572,3.4179276165207075,0.2594842338878997,0.44578476218076857
0.222,1.922234166932908,3.430360957568393,0.25828310424525136,0.44372126381682714
0.223,1.9291629894258422,3.442725924631489,0.2571057746855399,0.4416986531559764
0.224,1.9360523400356797,3.455020451365812,0.2559505998650492,0.4397141035557408
0.225,1.9429011808097958,3.467242685472501,0.254815970556673,0.43776485042070706
0.226,1.9497085945633847,3.479390990171291,0.25370031610451366,0.4358481954194378
0.227,1.9564737853426841,3.4914639450271707,0.2526021067309485,0.43396151044793035
0.228,1.9631960785209632,3.50346034612168,0.2515198556878486,0.43210224132533465
0.229,1.9698749205270885,3.5153792055685162,0.2504521212447999,0.4302679112096471
0.23,1.976509878204932,3.5272197503703544,0.24939750850873435,0.42845612372377273
0.231,1.9831006378066518,3.5389814206222847,0.24835467107043074,0.42666456578415546
0.232,1.9896470036251839,3.5506638670713997,0.24732231247493672,0.4248910101269112
0.233,1.9961488962702258,3.5622669480401665,0.2462991875138956,0.42313331752799993
0.234,2.0026063505968135,3.5737907257298285,0.2452841033391766,0.421389438716403
0.23500000000000001,2.0090195132982243,3.5852354619247717,0.244275920398425,0.41965741598136536
0.23600000000000002,2.0153886401708867,3.5966016131115657,0.24327355319375107,0.4179353844757965
0.23700000000000002,2.0217140930712394,3.6078898250482676,0.24227597086670036,0.4162215732212285
0.23800000000000002,2.02799633657238,3.6191009267979757,0.24128219761228561,0.41451430581910853
0.23900000000000002,2.034235934342223,3.6302359242654028,0.2402913129269874,0.41281200087685505
0.24000000000000002,2.0404335452604765,3.641295993267349,0.23930245169572362,0.4111131721572684
0.24100000000000002,2.0465899192903665,3.652282472165505,0.23831480412327258,0.40941642846071796
0.24200000000000002,2.0527058931281323,3.663196854102674,0.2373276155168923,0.4077204732516901
0.24300000000000002,2.0587823856507157,3.6740407788788554,0.2363401859269167,0.40602410404134454
0.24400000000000002,2.0648203931802693,3.68481602450043,0.2353518696523499,0.40432621153814347
0.245,2.0708209845909793,3.6955244984479427,0.23436207461957145,0.4026257785804885
0.246,2.0767852962801143,3.7061682287015896,0.23337026164191316,0.40092187886469993
0.247,2.082714527021002,3.7167493545559953,0.23237594356771682,0.3992136754814102
0.248,2.0886099327281484,3.7272701172782026,0.23137868432603148,0.39750041927610513
0.249,2.094472821148182,3.7377328506332925,0.23037809787709326,0.3957814470460855
0.25,2.1003045465077443,3.7481399713331727,0.2293738470769605,0.39405617958995004
0.251,2.106106504131939,3.758493969432821,0.228365642463554,0.3923241196220557
0.252,2.1118801250571484,3.7687973987164867,0.22735324097235532,0.3905848495661322
0.253,2.117626870662743,3.779052867117594,0.22633644459020283,0.3888380292425517
0.254,2.123348227334585,3.7892630271953984,0.22531509895395174,0.38708339346087545
0.255,2.129045701183619,3.7994305667099404,0.22428909190191237,0.3853207495312764
0.256,2.134720812836149,3.8095581993249317,0.22325835198503657,0.3835499747068098
0.257,2.1403750923135307,3.8196486554702096,0.22222284694461966,0.3817710135681586
0.258,2.1460100740145287,3.8297046733874014,0.22118258216269684,0.3799838753614696
0.259,2.151627291819333,3.839728990392704,0.22013759909164696,0.3781886313004676
0.26,2.1572282743257287,3.8497243343754923,0.21908797366831315,0.376385411841971
0.261,2.162814540230846,3.8596934155567335,0.21803381471803038,0.3745744039440671
0.262,2.1683875938703854,3.869638918528421,0.2169752623535213,0.3727558483154718
0.263,2.173948920924848,3.8795634945910438,0.21591248637307187,0.37093003666365193
0.264,2.1794999843031784,3.8894697544076586,0.21484568466227544,0.36909730894907766
0.265,2.18504222021004,3.8993602609856723,0.21377508160285844,0.3672580506516414
0.266,2.190577034404059,3.909237522999411,0.21270092649191488,0.3654126900549583
0.267,2.1961057986556107,3.9191039884688,0.21162349197503608,0.36356169555453843
0.268,2.2016298474040785,3.9289620387940025,0.21054307249516785,0.3617055729929781
0.269,2.207150474621891,3.9388139831590796,0.20945998276003774,0.359844863027054
0.27,2.2126689308888077,3.948662053310847,0.20837455623021403,0.3579801385302616
0.271,2.218186420674114,3.9585083987087635,0.20728714362880069,0.3561120020325242
0.272,2.2237040998325512,3.9683550820562417,0.20619811147477354,0.35424108320051556
0.273,2.229223073311924,3.978204075209715,0.20510784064092466,0.3523680363602597
0.274,2.2347443930722517,3.9880572554652196,0.20401672493713197,0.3504935380632377
0.275,2.240269056215332,3.997916402220466,0.20292516971964106,0.34861828469718315
0.276,2.2457980033232063,4.0077831940097175,0.2018335905269585,0.34674299014259496
0.277,2.251332117003304,4.017659205907499,0.20074241174254748,0.3448683834752954
0.278,2.25687222063682,4.027545907294989,0.19965206528447532,0.3429952067152911
0.279,2.262419077327733,4.037444659984468,0.19856298932198704,0.3411242126218913
0.28,2.2679733890479232,4.047356716693722,0.19747562701910823,0.33925616253526225
0.281,2.273535795975155,4.057283219864629,0.1963904253048363,0.337391824263659
0.28200000000000003,2.2791068760182815,4.067225200815848,0.19530783366995902,0.3355319700164019
0.28300000000000003,2.284687144526741,4.0771835792244016,0.19422830299012028,0.3336773743819455
0.28400000000000003,2.290277054176391,4.087159162921933,0.19315228437491397,0.33182881235066214
0.28500000000000003,2.2958769950296887,4.0971526480021065,0.1920802280427549,0.32998705738190987
0.28600000000000003,2.3014872947633704,4.107164619226916,0.19101258222129772,0.328152879514991
0.28700000000000003,2.3071082190565715,4.117195550719311,0.18994979207322368,0.32632704352369174
0.28800000000000003,2.312739972136481,4.127245806936957,0.18889229864729706,0.3245103071142339
0.28900000000000003,2.318382697473523,4.137315643912831,0.187840537854595,0.32270341916647405
0.29000000000000004,2.324036478620835,4.1474052107533375,0.18679493947001355,0.32090711801852606
0.29100000000000004,2.3297013401937536,4.157514551386261,0.18575592615916925,0.3191221297950123
0.29200000000000004,2.3353772489788343,4.167643606539894,0.184723912530874,0.31734916677924907
0.29300000000000004,2.3410641151719567,4.177792215952517,0.18369930421571795,0.31558892583028414
0.294,2.346761793735213,4.1879601207938695,0.18268249697104894,0.3138420868452833
0.295,2.352470085868142,4.1981469662906585,0.18167387581311917,0.3121093112685889
0.296,2.3581887405877193,4.20835230454617,0.18067381417706754,0.31039124064859897
0.297,2.3639174564082617,4.218575597538172,0.17968267310555136,0.30868849524386544
0.298,2.369655883119778,4.228816220292508,0.17870080046721,0.3070016726804418
0.299,2.375403623654144,4.239073464213409,0.1777285302058646,0.30533134666203504
0.3,2.3811602360350492,4.249346540563322,0.17676618162178398,0.3036780657352458
0.301,2.3869252354051094,4.2596345840804215,0.17581405868633432,0.3020423521121606
0.302,2.392698096125475,4.2699366567255135,0.17487244939147437,0.3004247005528073
0.303,2.3984782539387175,4.280251751541859,0.1739416251355505,0.29882557730997333
0.304,2.4042651081920208,4.290578796622607,0.17302184014695757,0.29724541913907465
0.305,2.410058024112225,4.300916659170775,0.17211333094737485,0.29568463237601456
0.306,2.4158563351294404,4.311264149645898,0.17121631585620398,0.29414359208582525
0.307,2.421659345239192,4.32162002597944,0.17033099453782136,0.2926226412848634
0.308,2.42746633139873,4.331982997851179,0.16945754759329779,0.2911220902393993
0.309,2.433276545955058,4.342351731022187,0.1685961361985179,0.2896422158439181
0.31,2.439089219091315,4.352724851700578,0.16774690178979604,0.28818326108101966
0.311,2.4449035612916274,4.363100950940203,0.1669099657989764,0.2867454345663296
0.312,2.4507187658157443,4.37347858905681,0.1660854294391661,0.28532891018039624
0.313,2.456534011175962,4.383856300048286,0.1652733735424668,0.2839338267899195
0.314,2.4623484636154114,4.394232596017341,0.16447385845104395,0.28256028806061145
0.315,2.4681612795749706,4.404605971573878,0.16368692396227083,0.2812083623629557
0.316,2.473971608146506,4.414974908212978,0.16291258932892727,0.279878082772549
0.317,2.4797785935089305,4.42533787866221,0.16215085331523918,0.27856944716637505
0.318,2.485581377334548,4.435693351175931,0.16140169430887838,0.2772824184152163
0.319,2.491379101166403,4.446039793777819,0.1606650704893427,0.27601692467292493
0.32,2.4971709087574805,4.456375678435348,0.15994092005260052,0.2747728597623544
0.321,2.5029559483656816,4.466699485155329,0.1592291614916671,0.27355008365737954
0.322,2.5087333750022034,4.477009705996301,0.1585296939325984,0.27234842306012214
0.323,2.5145023526240022,4.487304848981134,0.15784239752504886,0.2711676720719156
0.324,2.5202620562688183,4.497583441907128,0.15716713388632172,0.27000759295616733
0.325,2.526011674123318,4.507844036036762,0.15650374659745084,0.26886791699061013
0.326,2.531750409525282,4.518085209670734,0.15585206174987842,0.26774834540647535
0.327,2.5374774828886912,4.528305571583412,0.1552118885405951,0.2666485504109221
0.328,2.5431921335516865,4.538503764320648,0.15458301991377105,0.2655681762893375
0.329,2.548893621541803,4.54867846734996,0.1539652332464707,0.2645068405833697
0.33,2.5545812292533943,4.558828400054018,0.15335829107577226,0.263464135340094
0.331,2.5602542630348326,4.568952324563102,0.15276194186455322,0.2624396284276054
0.332,2.5659120546813785,4.579049048419247,0.15217592080292547,0.26143286491185547
0.333,2.571553962830138,4.589117427065628,0.15159995064210482,0.2604433684892113
0.334,2.5771793742545768,4.599156366156719,0.15103374255743118,0.2594706429690931
0.335,2.5827877050566435,4.609164823685718,0.15047699703714593,0.25851417380086306
0.336,2.5883784017515916,4.619141811920485,0.14992940479320657,0.25757342963857227
0.337,2.5939509422473574,4.629086399151314,0.14939064769076985,0.25664786393778016
0.338,2.5995048367136344,4.638997711241854,0.14886039969242784,0.25573691657771885
0.339,2.6050396283411077,4.648874932984018,0.14833832781372486,0.2548400155028373
0.34,2.610554893988567,4.6587173092528005,0.14782409308602104,0.25395657837696717
0.341,2.616050244720256,4.668524145965212,0.14731735152332395,0.2530860142443054
0.342,2.621525326228225,4.678294810834004,0.14681775508912534,0.2522277251904054
0.343,2.6269798191462304,4.688028733927834,0.1463249526600805,0.2513811079977448
0.34400000000000003,2.632413439249669,4.697725408028075,0.14583859098269447,0.25054555578927795
0.34500000000000003,2.637825937547007,4.707384388791962,0.14535831561990847,0.24972045965463832
0.34600000000000003,2.6432171002612366,4.717005294719517,0.14488377188434245,0.24890521025341628
0.34700000000000003,2.648586748705128,4.72658780693091,0.14441460575501433,0.24809919939005043
0.34800000000000003,2.6539347390497072,4.736131668753307,0.14395046477471318,0.2473018215554831
0.34900000000000003,2.659260961991887,4.745636685127723,0.14349099892534983,0.2465124754309817
0.35000000000000003,2.6645653423192366,4.755102721832328,0.14303586147848507,0.2457305653493163
0.35100000000000003,2.6698478383799134,4.764529704536505,0.14258470981897278,0.24495550270974945
0.35200000000000004,2.6751084414574335,4.77391761768508,0.14213720623937878,0.2441867073428196
0.35300000000000004,2.6803471750541967,4.783266503219725,0.14169301870314527,0.24342360882143096
0.35400000000000004,2.685564094092636,4.792576459153351,0.14125182157514116,0.24266564771591304
0.35500000000000004,2.69075928402503,4.8018476379815125,0.14081329631712647,0.24191227678880386
0.35600000000000004,2.695932859877756,4.811080244976803,0.14037713214824843,0.24116296212955923
0.357,2.701084965210328,4.820274536331187,0.13994302666780395,0.24041718422443642
0.358,2.7062157710120545,4.829430817187016,0.13951068644048298,0.23967443896192187
0.359,2.7113254745327335,4.838549439550313,0.13907982754281448,0.23893423857150586
0.36,2.7164142980545245,4.847630800099096,0.13865017607039665,0.23819611249508635
0.361,2.7214824876103956,4.85667533789636,0.13822146860547208,0.23745960819024645
0.362,2.7265303116529167,4.86568353201444,0.13779345264456905,0.23672429186492722
0.363,2.7315580596803213,4.874655899083131,0.137365886986288,0.23598974914363097
0.364,2.7365660408255605,4.883592990771746,0.13693854207926454,0.23525558566520974
0.365,2.741554582411575,4.892495391210905,0.13651120033045694,0.23452142761249195
0.366,2.746524028479351,4.901363714365747,0.13608365637420283,0.2337869221745126
0.367,2.7514747382948648,4.9101986013714685,0.13565571730251194,0.23305173794214804
0.368,2.7564070848393034,4.9190007178390145,0.13522720285723233,0.23231556523825067
0.369,2.7613214532887285,4.927770751141935,0.13479794558472072,0.23157811638336717
0.37,2.7662182394858754,4.936509407689204,0.1343677909537404,0.23083912589828298
0.371,2.77109784841381,4.945217410201352,0.13393659743763467,0.23009835064519332
0.372,2.775960692672401,4.953895494991627,0.13350423656162436,0.22935556990895872
0.373,2.780807190963463,4.962544409262622,0.13307059291602308,0.2286105854198083
0.374,2.785637766589653,4.9711649084274585,0.13263556413665334,0.22786322131969533
0.375,2.7904528459738662,4.979757753467536,0.132199060853657,0.22711332407435555
0.376,2.7952528571986184,4.988323708325966,0.1317610066092783,0.22636076233206104
0.377,2.800038228573873,4.996863537351756,0.1313213377463831,0.22560542673210046
0.378,2.8048093872359074,5.005378002799388,0.1308800032684339,0.224847229664221
0.379,2.809566757781026,5.013867862390585,0.13043696467237753,0.2240861049815352
0.38,2.8143107609369293,5.022333866943275,0.12999219575532855,0.22332200766841007
0.381,2.8190418122772405,5.03077675807758,0.12954568239653483,0.22255491346589143
0.382,2.823760320979971,5.039197266000202,0.12909742231555485,0.22178481845626122
0.383,2.8284666886348355,5.047596107376,0.1286474248079963,0.22101173860904555
0.384,2.8331613081005456,5.055973983288751,0.12819571045974854,0.22023570929007638
0.385,2.83784456241585,5.064331577297819,0.12774231084112583,0.2194567847360401
0.386,2.8425168237655214,5.072669553592893,0.1272872681818486,0.21867503749610706
0.387,2.847178452504359,5.080988555252249,0.12683063502795883,0.21789055784252415
0.388,2.8518297962396293,5.089289202605303,0.1263724738819454,0.2171034531523629
0.389,2.856471188975028,5.097572091704948,0.12591285682690884,0.21631384726184774
0.39,2.861102950315729,5.105837792908911,0.1254518651360759,0.21552187979551585
0.391,2.865725384737639,5.114086849575686,0.12498958886837296,0.2147277054714265
0.392,2.870338780919914,5.122319776873363,0.12452612645140072,0.21393149338472628
0.393,2.87494341114146,5.130537060702646,0.12406158425260175,0.21313342627093007
0.394,2.8795395307434144,5.138739156737603,0.12359607613960294,0.21233369975060498
0.395,2.884127377657437,5.146926489583879,0.1231297230307916,0.21153252155727578
0.396,2.8887071719957556,5.155099452047098,0.12266265243699721,0.21073011075005035
0.397,2.893279115710364,5.163258404524682,0.12219499799524303,0.20992669691262147
0.398,2.8978433923146607,5.171403674509089,0.1217268989954434,0.20912251934014944
0.399,2.9024001666676043,5.179535556202634,0.12125849990106842,0.20831782621578088
0.4,2.9069495848243077,5.187654310250851,0.12078994986457958,0.20751287377818423
0.401,2.9114917739460746,5.195760163581958,0.12032140223860474,0.2067079254817656
0.402,2.9160268422715228,5.203853309355319,0.11985301408373725,0.20590325115108507
0.403,2.9205548791501403,5.2119339070213275,0.11938494567388747,0.205099126131068
0.404,2.9250759551311,5.220002082479903,0.11891736000006828,0.20429583043452612
0.405,2.929590122110382,5.228057928343043,0.11845042227358352,0.2034936478886526
