L,N,S_tip,case,eta_contact,minS,n_clamped,success,t_contact,z_contact
13.146844425281694,48,0.5221480736887855,body_A0.5_Stg0.5,0.9510915434882832,3.6637359812630166e-15,0,True,10.753314485671655,12.503852556441498
13.141336271223958,64,0.4863148795944875,body_A0.5_Stg0.5,0.9508536326155435,-5.551115123125783e-16,0,True,10.75383080629192,12.4954873309157
16.660857244962525,48,0.5643676459975125,nozzle_a0.25_St0.1_abrupt,0.9591017370870127,4.468647674116255e-15,0,True,11.198233125163524,15.979457125002298
16.830520326892334,64,1.2509191784725209,nozzle_a0.25_St0.1_abrupt,0.9744521836320013,6.439293542825908e-15,0,True,11.19914006719358,16.40053728420302
18.072178638814194,48,9.145615223978064,nozzle_a0.25_St0.1_ramp2,0.8536460900449732,2.4424906541753444e-15,0,True,31.525318786513285,15.427244633618022
18.07280883889309,64,9.08419297395074,nozzle_a0.25_St0.1_ramp2,0.8512730577555696,-2.886579864025407e-15,0,True,31.525741802271686,15.384895242516405
44.03784070581431,48,32.35682444834875,theta15_a0.1_St0.1_abrupt,0.7186246414084629,1.7763568394002505e-15,0,True,21.568624509063497,31.64667748561882
44.006778158525776,64,36.64248115778304,theta15_a0.1_St0.1_abrupt,0.7231373466753708,4.440892098500626e-16,0,True,21.55586546928758,31.822944793287988
43.90695740770732,48,12.502368640600958,theta15_a0.1_St0.1_ramp2,0.7292391306345423,-2.220446049250313e-16,0,True,31.89154569117187,32.01867144880436
43.90679045386067,64,12.503883670112966,theta15_a0.1_St0.1_ramp2,0.729274844193939,-3.3306690738754696e-15,0,True,31.891414111276944,32.02011776729517
12.957952038197723,48,0.43709088849577815,nozzle_a0.02_St0.5_ramp2,0.9511817210271463,-9.992007221626409e-16,0,True,11.297722801514169,12.325367120680127
12.959059285011135,64,0.4318784540674968,nozzle_a0.02_St0.5_ramp2,0.9512235209356672,1.6653345369377348e-15,0,True,11.297643011255397,12.326962001102341
